sequenceId,character
2113,e
2113, 
2113,t
2113,h
2113,e
2113, 
2113,s
2113,t
2113,a
2113,t
2113,e
2113, 
2113,C
2113,o
2113,E
2113,f
2113,h
2113,N
2113, 
2113, 
2113,E
2113,t
2113,b
2113, 
2113,h
2113,e
2113,I
2113,e
2113,e
2113,I
2113, 
2113,n
2113,I
2113,s
2113, 
2113,.
2113,t
2113,t
2113, 
2113,a
2113,h
2113,T
2113,t
2113,e
2113,h
2683,e
2683, 
2683,e
2683, 
2683,s
2683, 
2683,A
2683,t
2683,E
2683,K
2683,n
2683,r
2683,R
2683,I
2683,d
2683,e
2683,M
2683,N
2683, 
2683,e
2683,I
2683,G
2683,t
2683,t
2683, 
2683,O
2683, 
2683,s
2683,t
2683,N
2683,E
2683, 
2683, 
2683,h
2683,E
2683,D
2684,o
2684,a
2684,e
2684, 
2684,W
2684,f
2684,r
2684, 
2684,a
2684,A
2684, 
2684,e
2684,w
2684,n
2684,R
2684,h
2684, 
2684,o
2684,d
2684,D
2684,e
2684,t
2684,r
2684, 
2684,.
2684,r
2684,h
2684,l
2684,C
2684, 
2684, 
2684,e
2684,d
2684,A
2684,T
2684,s
2684, 
2684, 
2684, 
2684,R
2684,h
2684,o
2684,s
2684,i
2684,t
2684,D
2684,e
2684,n
2684,t
2684,s
2684,h
2684,I
2684,","
2684,r
2684, 
2684,e
2684,N
2684,e
2684,n
2684, 
2684,A
2684,e
2684,e
2684, 
2684,e
2684,o
2684,s
2684,L
2684, 
2684, 
2684,t
2684,t
2684,t
2684,t
2684, 
2684,s
2684,s
2684,h
2684,s
2684, 
2684,r
2684,S
2684,h
2684,h
2684,e
2684, 
2684,t
2684,e
2684,I
2684,a
2684,a
2684, 
2684,o
2684,h
2684,s
2684,n
2684,R
2684,l
2684,l
2684,s
2684,f
2684,e
2684,o
2684,g
2684, 
2684,l
2684,l
2684,t
2684, 
2684, 
2684,n
2684,t
2684,T
2684, 
2684, 
2684,r
2684,t
2684,s
2684, 
2684,h
2684,O
2684,b
2684,b
2684,e
2684,h
2684,t
2684,o
2684, 
2684,B
2684,e
2684,e
2684,e
2684,e
2684,r
2684,f
2684,o
2684,Y
2684, 
2684, 
2684,t
2684, 
2684,e
2684, 
2684,f
2684,.
2684,s
2684,s
2684,s
2684,s
2684,e
2684,t
2684, 
2684,o
2684,o
2684, 
2684,t
2684,t
2684,h
2684,t
2684, 
2684, 
2684,o
2684,a
2684, 
2684,e
2684,h
2684,s
2684,m
2684,f
2684,t
2684,o
2684, 
2684,e
2684,o
2684,u
2684, 
2684,e
2684,s
2684, 
2684, 
2684,c
2684,t
2684, 
2684,t
2684,s
2684,m
2684,h
2684,h
2684,a
2684,t
2684,u
2684, 
2684,e
2684,t
2684,a
2684,c
2684,a
2684,t
2684, 
2684,S
2684,e
2684,t
2684,h
2684,s
2684,h
2684,s
2684,E
2684, 
2684,e
2684, 
2684, 
2684,e
2684,t
2684,T
2684, 
2684,T
2684, 
2684,a
2684,I
2684,m
2684,a
2684,","
2684,e
2684,t
2684,h
2684,T
2684,s
2684, 
2684, 
2684,t
2684, 
2684, 
2684,h
2684,a
2685,h
2685, 
2685,w
2685,t
2685,e
2685,a
2685,t
2685,e
2685,t
2685,a
2685,h
2685,i
2685,o
2685, 
2685,n
2685,h
2685, 
2685, 
2685,e
2685,l
2685, 
2685,o
2685,d
2685,e
2685,K
2685,I
2685, 
2685,l
2685,t
2685,f
2685, 
2685, 
2685,i
2685, 
2685,w
2685, 
2685,h
2685, 
2686,t
2686,s
2686,n
2686,h
2686,i
2686,b
2686,e
2686,t
2686,h
2686,t
2686,g
2686,a
2686, 
2686,h
2686,e
2686,r
2686, 
2686,v
2686,s
2686, 
2686,e
2686,o
2686,e
2686,t
2686,t
2686,K
2686,e
2686,f
2686, 
2686, 
2686,a
2686,I
2686,t
2686, 
2686,s
2686,t
2686,t
2686,N
2686,s
2686,F
2686,e
2686,h
2686,e
2686,G
2686, 
2686,r
2686,i
2686,e
2686, 
2686, 
2686,o
2686,a
2686,s
2686, 
2686,o
2686,H
2686,f
2686,n
2686,p
2686,s
2686,f
2686,E
2686, 
2686,c
2686,o
2686,t
2686, 
2686,N
2686,t
2686,e
2686,s
2686,r
2686,t
2686,R
2686,h
2686,]
2686,i
2686,e
2686,h
2686,Y
2686,e
2686, 
2686,t
2686,e
2686,e
2686,.
2686, 
2686,T
2686,i
2686,t
2686,t
2686, 
2686, 
2686,s
2686,h
2686,o
2686,h
2686,s
2686,s
2686,T
2686,t
2686,e
2686,n
2686,e
2686, 
2686,t
2686,h
2686,a
2686, 
2686,s
2686,r
2686,o
2686,a
2686,e
2686,t
2686,K
2686, 
2686, 
2686,f
2686,t
2686, 
2686,e
2686,i
2686,o
2686,t
2686, 
2686,e
2686,K
2686, 
2686,n
2686,f
2686,h
2686,t
2686, 
2686,I
2686,o
2686,g
2686, 
2686,a
2686,t
2686,h
2686,f
2686, 
2686,t
2686,n
2686,h
2686,e
2686, 
2686,i
2686,L
2686,h
2686, 
2686,e
2686, 
2686,t
2686, 
2686,O
2686,e
2686,t
2686, 
2686,s
2688,t
2688,U
2688, 
2688,h
2688,K
2688,t
2688,h
2688,C
2688,s
2688,e
2688,i
2688,a
2688,e
2688,E
2688,t
2688, 
2688,n
2688,t
2688, 
2688,S
2688,a
2688,K
2688,g
2688,e
2688,s
2688,T
2688,t
2688,I
2688, 
2688, 
2688,l
2688,t
2688,E
2688,e
2688,N
2688,o
2688,o
2688,a
2688,r
2688,R
2688, 
2688,G
2688,f
2688,f
2688,n
2688,e
2688,","
2688,o
2688, 
2688, 
2688, 
2688,d
2688,e
2688, 
2688,f
2688,H
2688,E
2688,t
2688, 
2688,t
2688,a
2688, 
2688,E
2688,n
2688,a
2688,s
2688,n
2688,t
2688,N
2688,g
2688,n
2688, 
2688,d
2688,h
2688,R
2688,l
2688,d
2688,o
2688, 
2688,e
2688,A
2688,Y
2688,a
2688, 
2688,f
2688,t
2688,N
2688,.
2688,n
2688,t
2688, 
2688,h
2688,t
2688,T
2688, 
2688,d
2688,h
2688,t
2688,e
2688,h
2688,","
2688,W
2688, 
2688,e
2688,h
2688, 
2688,u
2688, 
2688, 
2688,h
2688,a
2688, 
2688,o
2688,e
2688,K
2688,m
2688,A
2688,a
2688,a
2688,n
2688,s
2688,r
2688, 
2688,I
2688,b
2688,n
2688,n
2688,t
2688,d
2688,t
2688,d
2688,s
2688,N
2688,e
2688,d
2688,d
2688, 
2688, 
2688,r
2688, 
2688,t
2688,G
2688,r
2688, 
2688, 
2688,t
2688,e
2688,a
2688,a
2688, 
2688,l
2688,t
2688,t
2688,h
2688,e
2688,n
2688, 
2688,t
2688,H
2688,a
2690,h
2690,h
2690,e
2690,t
2690,d
2690,t
2690,e
2690,E
2690,n
2690,e
2690,e
2690, 
2690,s
2690, 
2690,h
2690, 
2690,N
2690,d
2690,n
2690, 
2690,K
2690, 
2690,t
2690,e
2690,A
2690,R
2690,","
2690, 
2690,K
2690,i
2690,o
2690,h
2690, 
2690,n
2690,Y
2690, 
2690,I
2690,I
2690,n
2690,f
2690,e
2690,s
2690,d
2690,.
2690,t
2690, 
2690,N
2690,g
2690, 
2690, 
2690,t
2690, 
2690, 
2690,h
2690,w
2690,G
2690,t
2690,s
2690,r
2690,s
2690,W
2690,e
2690,i
2690, 
2690,h
2690,t
2690,e
2690,h
2691, 
2691,l
2691,H
2691,e
2691,a
2691,e
2691,K
2691,l
2691,E
2691,e
2691, 
2691,t
2691,t
2691,i
2691, 
2691,N
2691,a
2691,s
2691,e
2691,s
2691,n
2691,n
2691,R
2691, 
2691,t
2691,t
2691, 
2691, 
2691,g
2691,o
2691,Y
2691,o
2691, 
2691,a
2691,o
2691,o
2691, 
2691,t
2691,.
2691,f
2691,s
2691,t
2691,f
2691,f
2691,o
2691, 
2691, 
2691, 
2691,o
2691, 
2691, 
2691,f
2691,s
2691,T
2691,t
2691, 
2691,t
2691,t
2691, 
2691,e
2691,h
2691,h
2691,m
2691,h
2691,h
2691,F
2691,e
2691,e
2691,e
2691,u
2692,e
2692,e
2692,r
2692, 
2692, 
2692, 
2692,c
2692, 
2692, 
2692,a
2692,t
2692,K
2692,c
2692,h
2692,s
2692,s
2692,n
2692,h
2692,I
2692,o
2692, 
2692, 
2692,t
2692,t
2692,c
2692,e
2692,N
2692,u
2692,T
2692,T
2692,a
2692,a
2692,e
2692, 
2692,r
2692,o
2692,h
2692,t
2692,t
2692,S
2692, 
2692,s
2692,t
2692, 
2692,a
2692,e
2692,e
2692,I
2692,t
2692, 
2692,s
2692,t
2692, 
2692, 
2692,R
2692,r
2692,T
2692,e
2692, 
2692,o
2692,o
2692, 
2692,h
2692,e
2692,t
2692,f
2692,T
2692,a
2692, 
2692,h
2692, 
2692,O
2692,n
2692,t
2692,e
2692,t
2692,B
2692, 
2692,h
2692,y
2693,h
2693,Y
2693,t
2693,e
2693, 
2693,a
2693,e
2693,.
2693,h
2693, 
2693,s
2693,n
2693, 
2693,e
2693,s
2693,h
2693,d
2693,T
2693, 
2693,t
2693,a
2693, 
2693,h
2693,s
2693,r
2693,l
2693,t
2693,e
2693,t
2693,a
2693,l
2693,h
2693, 
2694, 
2694,a
2694,n
2694, 
2694,e
2694,K
2694,A
2694,t
2694,g
2694,b
2694, 
2694,I
2694,i
2694,n
2694,e
2694,e
2694,e
2694,s
2694,N
2694,s
2694,d
2694, 
2694, 
2694, 
2694,t
2694,G
2694, 
2694, 
2694,o
2694,O
2694,o
2694,s
2694,r
2694, 
2694,s
2694,t
2694,f
2694, 
2694,f
2694,t
2694,e
2694,H
2694,o
2694,h
2694, 
2694,O
2694, 
2694,o
2694,e
2694,E
2694,n
2694,e
2694,F
2694,t
2694, 
2694,t
2694,N
2694, 
2694, 
2694, 
2694,h
2694,t
2694,s
2694,R
2694,a
2694,K
2694,E
2694,e
2694,h
2694, 
2694,R
2694,Y
2694,n
2694,I
2694,P
2694, 
2694,e
2694,o
2694,S
2694,.
2694,d
2694,N
2694,H
2694,s
2694, 
2694,f
2694,E
2694, 
2694, 
2694,G
2694,E
2694,t
2694,s
2694, 
2694,T
2694,W
2694,h
2694, 
2694,S
2695,a
2695,t
2695,t
2695,","
2695,h
2695,i
2695,H
2695,U
2695,t
2695,a
2695,h
2695, 
2695,a
2695,s
2695,E
2695,S
2695,e
2695,t
2695,e
2695,a
2695,t
2695, 
2695,N
2695,.
2695,e
2695, 
2695,n
2695, 
2695,s
2695,R
2695, 
2695, 
2695,s
2695,d
2695,s
2695,o
2695,Y
2695,I
2695,o
2695,t
2695, 
2695,h
2695,n
2695,.
2695, 
2695,f
2695,a
2695,t
2695, 
2695, 
2695,a
2695, 
2695,t
2695,h
2695,a
2695,W
2695,m
2695,t
2695,e
2695,e
2695,n
2695,h
2695, 
2698,h
2698, 
2698, 
2698,d
2698,a
2698,a
2698,e
2698,T
2698,K
2698, 
2698,t
2698, 
2698, 
2698, 
2698,h
2698,I
2698,h
2698, 
2698,s
2698,s
2698,s
2698,a
2698,N
2698,i
2698,s
2698,o
2698,o
2698,t
2698,t
2698,G
2698,s
2698,h
2698,l
2698, 
2698,a
2698, 
2698, 
2698,o
2698,d
2698,m
2698,t
2698,H
2698,s
2698,u
2698,i
2698,u
2698,e
2698,E
2698,o
2698,l
2698,e
2698,c
2698, 
2698,N
2698,n
2698,d
2698,r
2698,h
2698,o
2698,R
2698, 
2698, 
2698, 
2698, 
2698,f
2698,Y
2698,a
2698,t
2698,a
2698, 
2699,.
2699,n
2699,o
2699,s
2699,t
2699, 
2699, 
2699, 
2699,h
2699,W
2699,t
2699,t
2699,e
2699,h
2699,h
2699, 
2699, 
2699,a
2699,e
2699,t
2699,t
2699, 
2699,h
2699, 
2699,s
2699,e
2699,s
2699,t
2699, 
2699,h
2699,r
2699,s
2699,a
2699,t
2699,n
2699,n
2699,r
2699,g
2699, 
2699,e
2699,e
2699,t
2699,e
2699, 
2699,h
2699,t
2699,o
2699,e
2699,s
2699,f
2699, 
2699, 
2699, 
2699,s
2699,o
2699,t
2699,t
2699,f
2699,h
2699,o
2699,h
2699,a
2699, 
2699,e
2699,r
2699,e
2699,t
2699,t
2699, 
2699,l
2699, 
2699,e
2699,h
2699,s
2699,d
2699,n
2699,s
2699, 
2699,e
2699,t
2699, 
2699,d
2699, 
2699,t
2699,o
2699, 
2699,a
2699,o
2699,y
2700,t
2700,c
2700,f
2700,s
2700,t
2700,f
2700, 
2700,h
2700,o
2700, 
2700,t
2700,e
2700, 
2700,a
2700,e
2700,v
2700,t
2700,a
2700, 
2700,t
2700,s
2700, 
2700,e
2700,h
2700,t
2700,o
2700,h
2700, 
2700,s
2700,r
2700,e
2700,e
2700,f
2700,e
2700,t
2705,t
2705,'
2705, 
2705, 
2705, 
2705, 
2705,h
2705,a
2705,d
2705,s
2705,o
2705,t
2705,s
2705,e
2705,t
2705, 
2705,t
2705,f
2705,h
2705,t
2705, 
2705,e
2705,t
2705,a
2705, 
2705,e
2705,a
2705,s
2705, 
2705,h
2705,t
2705,t
2705, 
2705,t
2705,t
2705,o
2705,e
2705,e
2705,h
2705,s
2705,e
2705,r
2705,f
2705, 
2705, 
2705,e
2705,t
2705, 
2705,e
2705, 
2705,s
2705,O
2705, 
2705,a
2705,t
2705,o
2705,e
2705,t
2705,t
2705,f
2705,s
2705,t
2705,h
2705,f
2705,t
2705,h
2705,a
2705, 
2705,e
2705,e
2705, 
2705,s
2705,e
2705,t
2705,t
2705, 
2705, 
2705,t
2705, 
2705, 
2706,e
2706,h
2706,o
2706,d
2706,s
2706,h
2706,o
2706,K
2706, 
2706,e
2706,f
2706, 
2706,t
2706,e
2706,f
2706,i
2706,o
2706, 
2706, 
2706,s
2706,a
2706, 
2706, 
2706,n
2706,f
2706,s
2706,t
2706,o
2706,t
2706,s
2706,t
2707,g
2707, 
2707,t
2707,h
2707,u
2707,e
2707,t
2707,h
2707, 
2707,t
2707,e
2707,l
2707, 
2707,a
2707,e
2707,E
2707,h
2707, 
2707, 
2707,o
2707,t
2707, 
2707,n
2707,f
2707,e
2707,s
2707,a
2707,f
2707,e
2707,s
2707,t
2707, 
2707, 
2707,t
2707,n
2707, 
2707, 
2707,t
2707,e
2707,t
2707,s
2707,a
2707,d
2707,t
2707,A
2707,a
2707,r
2707,h
2707,t
2707,W
2707,t
2707, 
2707,h
2707,s
2707,t
2707, 
2707,e
2707,a
2707,h
2707,e
2707,t
2707,e
2707, 
2707,e
2707,S
2707, 
2707,t
2707,a
2707,h
2707, 
2707, 
2707,I
2707,s
2707,e
2707,t
2707,e
2707,s
2707,o
2707,R
2707,t
2707, 
2707, 
2707, 
2707,t
2707,t
2707,f
2707, 
2707,a
2707,o
2707,s
2707,K
2707,a
2707,h
2707, 
2707,t
2707,f
2707,l
2707,h
2707,I
2707,t
2707,a
2707,e
2707, 
2707,l
2707,o
2707,N
2707,e
2707,t
2707, 
2707, 
2707,u
2707,G
2707, 
2707, 
2707,o
2707,b
2707,l
2707, 
2707,T
2707,t
2707,f
2707,e
2707,d
2707,H
2707,h
2707,h
2707, 
2707, 
2707, 
2707,E
2707,a
2707,e
2707,t
2707,I
2707,s
2707,t
2707,N
2707,t
2707,y
2707,h
2707,A
2707,o
2707,h
2707,R
2707, 
2707, 
2707,e
2707,N
2707, 
2708,o
2708,Y
2708,I
2708,s
2708, 
2708, 
2708,m
2708,u
2708,.
2708, 
2708,h
2708,s
2708,a
2708,u
2708, 
2708, 
2708,h
2708,a
2708,t
2708,n
2708,c
2708,b
2708,W
2708,a
2708,l
2708,a
2708,d
2708,h
2708,e
2708,h
2708,v
2708,l
2708,t
2708, 
2708, 
2708, 
2708,a
2708,e
2708, 
2708,e
2708,t
2708,a
2708,t
2708,t
2708,b
2708, 
2708,h
2708,s
2708,h
2708, 
2708,e
2708,o
2708,e
2708, 
2708,e
2708,s
2708, 
2708,f
2708, 
2708,t
2708, 
2708,h
2708,s
2708,e
2708, 
2708,K
2708,h
2708,s
2708,o
2708,s
2708,t
2708,I
2708,e
2708,t
2708, 
2708,o
2708,t
2708,h
2708,N
2708, 
2708,r
2708,s
2708,h
2708, 
2708,e
2708,G
2708,s
2708,a
2708,o
2708,n
2708,a
2708, 
2708, 
2708,t
2708,n
2708, 
2708, 
2708,n
2708,s
2708,H
2708,r
2708,g
2708,m
2708,E
2708,d
2708,t
2708,E
2708,e
2708,e
2708,u
2708,n
2708, 
2708,N
2990, 
2990,e
2990, 
2990,c
2990,t
2990,t
2990,R
2990,E
2990,t
2990,o
2990,h
2990,e
2990,h
2990,Y
2990,P
2990, 
2990,f
2990, 
2990,r
2990,e
2990,.
2990,H
2990,A
2990,T
2990, 
2990, 
2990, 
2990,E
2990,s
2990,h
2990,A
2990,K
2990,W
2990,S
2990, 
2990,a
2990,L
2990,I
2990,h
3003,U
3003,t
3003,t
3003,B
3003,N
3003,a
3003,S
3003,h
3003, 
3003,A
3003,G
3003,t
3003,.
3003,o
3003,N
3003, 
3003, 
3003, 
3003,u
3003,S
3003,H
3003,s
3003,A
3003, 
3003,E
3003,h
3003, 
3003,a
3003,N
3003,e
3003,s
3003,n
3021,R
3021, 
3021,t
3021,d
3021,Y
3021,i
3021,r
3021, 
3021,.
3021,s
3021,a
3021,C
3021, 
3021,n
3021,A
3021,W
3021,g
3021,R
3021,h
3021,e
3021,D
3021,a
3021, 
3021,x
3021,I
3021,t
3021,o
3021,e
3021,N
3021, 
3021,f
3021,u
3021,A
3407,s
3407, 
3407,n
3407,L
3407,h
3407,t
3407,d
3407,t
3407, 
3407,e
3407,h
3407,r
3407, 
3407,S
3407,L
3407, 
3407,e
3407,e
3407,S
3407,I
3407,O
3407,i
3407, 
3407,n
3407,l
3407,C
3407,R
3407,U
3407,s
3407,K
3407, 
3407,d
3407,E
3407, 
3407,C
3407,I
3407,s
3407,s
3540,N
3540,T
3540,E
3540,N
3540,h
3540, 
3540,E
3540,S
3540,G
3540,a
3540,t
3540, 
3540,I
3540,T
3540, 
3540,l
3540,h
3540,I
3540, 
3540,E
3540,H
3540,l
3540,e
3540,I
3540,w
3540,R
3540,E
3540, 
3540, 
3540,I
3540,i
3540,","
3540,N
3540,b
3540,s
3540,.
3540,l
3540, 
3540,e
3540,t
3540, 
3540,l
3540,a
3540, 
3597,r
3597,T
3597, 
3597,n
3597, 
3597,s
3597,e
3597,h
3597,n
3597,d
3597,S
3597,o
3597,e
3597,e
3597,o
3597, 
3597,I
3597, 
3597,t
3597, 
3597,t
3597,t
3597,R
3597,s
3597,s
3597,K
3597, 
3597,h
3597, 
3597,o
3597, 
3597,I
3597,s
3597,e
3597,T
3597, 
3597,o
3597,N
3597,e
3597, 
3597,O
3597,f
3597,f
3597,G
3597,e
3597,K
3597,B
3597,a
3597, 
3597, 
3597, 
3597,I
3597,Y
3597,i
3597,t
3597,E
3597,y
3597,N
3597,.
3597,r
3597,h
3597,D
3597,o
3597,G
3597, 
3597, 
3597,e
3597,W
3597,u
3597, 
3597,T
3597,A
3597, 
3597,A
3597, 
3597,H
3597,h
3597,s
3597,s
3597,R
3597,t
3597,E
3597,e
3597, 
3597,t
3597,D
3597,o
3597,N
3727, 
3727,h
3727,a
3727,.
3727, 
3727,R
3727,a
3727,K
3727,e
3727,t
3727, 
3727,t
3727,Y
3727,y
3727,I
3727, 
3727,e
3727,T
3727,h
3727,.
3727, 
3727,N
3727,w
3727, 
3727,h
3727,e
3727, 
3727,b
3727,G
3727,a
3727,o
3727, 
3727,W
3727,e
3803, 
3803,s
3803,f
3803,s
3803,h
3803, 
3803,H
3803, 
3803, 
3803,t
3803,a
3803,a
3803,E
3803,a
3803,t
3803,a
3803,t
3803, 
3803,N
3803,h
3803,t
3803, 
3803,s
3803,R
3803,e
3803,e
3803,t
3803,Y
3803, 
3803, 
3803,r
3803,.
3803,o
3803,a
3803, 
3803,f
3803,n
3803,T
3803, 
3904,g
3904,h
3904,t
3904,e
3904,e
3904, 
3904, 
3904,o
3904,K
3904,f
3904,I
3904, 
3904,N
3904,t
3904,G
3904,h
3904, 
3904,e
3904, 
3904, 
3904,a
3904,s
3904, 
3904,t
3904,S
3904,a
3904,E
3904,t
3904,R
3904, 
3904,l
3923,e
3923,V
3923,t
3923,v
3923, 
3923,A
3923,h
3923,e
3923,A
3923,N
3923,e
3923,s
3923,n
3923,T
3923,m
3923, 
3923,d
3923,","
3923, 
3923,o
3923, 
3923, 
3923,t
3923,f
3923,t
3923,a
3923,o
3923, 
3923,h
3923,n
3923, 
3923,t
3923,e
3923,d
3923,t
3923,h
3936, 
3936,h
3936,e
3936,t
3936,e
3936, 
3936,h
3936, 
3936,s
3936,e
3936,s
3936,t
3936, 
3936, 
3936,t
3936,a
3936,K
3936,t
3936,a
3936,t
3936,I
3936,h
3936,t
3936,e
3936,N
3936,o
3936,e
3936, 
3936,G
3936,u
3936, 
3936,A
3936, 
3936, 
3936,O
3936,n
3936,H
3936,s
3936,f
4164,d
4164,E
4164,h
4164, 
4164, 
4164,p
4164,N
4164,a
4164,t
4164,t
4164,l
4164,R
4164,l
4164,h
4164,h
4164,r
4164,e
4164,Y
4164,t
4164,e
4164,e
4164,o
4164, 
4164,.
4164, 
4164,o
4164, 
4164,y
4164,v
4164,t
4164, 
4164,b
4164,w
4164,s
4164, 
4164,e
4164,e
4164,h
4204,T
4204,e
4204, 
4204,t
4204,s
4204, 
4204, 
4204,e
4204,h
4204, 
4204,t
4204,a
4204,h
4204,t
4204,K
4204,e
4204,e
4204,e
4204,s
4204,h
4204,t
4204,a
4204,h
4204,I
4204, 
4204, 
4204,a
4204,o
4204,e
4204,e
4204,l
4204,e
4204,N
4204,t
4214,K
4214,k
4214, 
4214, 
4214, 
4214,l
4214, 
4214,G
4214,h
4214, 
4214,s
4214,s
4214,o
4214, 
4214,K
4214, 
4214,a
4214,t
4214,o
4214,t
4214,f
4214,b
4214,i
4214,H
4214,t
4214,h
4214, 
4214,a
4214, 
4214,e
4214,n
4214,E
4452, 
4452,e
4452,m
4452,t
4452,t
4452, 
4452,g
4452,N
4452,t
4452, 
4452,u
4452,e
4452,h
4452,s
4452, 
4452,R
4452,h
4452,s
4452,c
4452, 
4452,o
4452,Y
4452,o
4452,t
4452,h
4452,o
4452,f
4452, 
4452,u
4452,a
4452, 
4452,f
4849, 
4849,T
4849, 
4849,t
4849,T
4849, 
4849,E
4849,n
4849,H
4849,a
4849,e
4849,h
4849,t
4849,n
4849,t
4849,E
4849,r
4849, 
4849,a
4849,h
4849,g
4849,e
4849, 
4849,t
4849,o
4849,t
4849,e
4849,l
4849,r
4849,E
4849, 
4849,f
4849, 
4849, 
4849,a
4849, 
4849,N
4849,a
4849, 
4849,t
4849,s
4849,n
4849,S
4849,D
4849, 
4849,t
4849,h
4849,t
4849,d
4849,I
5045, 
5045,s
5045,h
5045,o
5045,a
5045,","
5045,i
5045,R
5045,T
5045,o
5045,e
5045,u
5045,t
5045, 
5045,n
5045, 
5045,H
5045,l
5045, 
5045, 
5045,e
5045,a
5045,g
5045,T
5045,E
5045,d
5045,s
5045,h
5045, 
5045,n
5173,d
5173,O
5173, 
5173,i
5173,t
5173,o
5173,d
5173,o
5173,b
5173,B
5173,T
5173,e
5173,a
5173,f
5173, 
5173,m
5173,e
5173,Y
5173,R
5173,r
5173,t
5173, 
5173,t
5173,s
5173, 
5173,.
5173,O
5173, 
5173,e
5173,t
5622,h
5622,.
5622,t
5622, 
5622,I
5622,o
5622, 
5622,h
5622,e
5622, 
5622,h
5622,T
5622,L
5622,f
5622,o
5622,e
5622, 
5622,T
5622,e
5622,h
5622,U
5622, 
5622,f
5622, 
5622,K
5622,h
5622, 
5622,e
5622,S
5622,t
5622, 
6037,s
6037,i
6037,e
6037,s
6037, 
6037, 
6037,t
6037,t
6037,n
6037, 
6037,t
6037,K
6037,O
6037,h
6037,a
6037,s
6037,r
6037,I
6037,F
6037,e
6037,t
6037,t
6037,a
6037,N
6037, 
6037, 
6037,r
6037,n
6037,G
6037,S
6037,s
6037,e
6037,g
6037, 
6037,t
6037,e
6037,e
6037,H
6037,e
6037,a
6037,t
6037, 
6037,E
6037, 
6037,s
6037,o
6037,N
6037,K
6037, 
6156,f
6156,R
6156,I
6156,o
6156, 
6156,Y
6156,N
6156,f
6156,t
6156,.
6156,G
6156, 
6156,h
6156, 
6156, 
6156,t
6156,e
6156,W
6156,H
6156,h
6156, 
6156,h
6156,t
6156,E
6156,e
6156,s
6156,a
6156,h
6156,N
6156, 
6156,t
6156,t
6156,e
6156,R
6156,s
6156,a
6156, 
6211, 
6211,Y
6211,t
6211,t
6211,s
6211,s
6211,.
6211,a
6211,e
6211,h
6211,t
6211, 
6211,t
6211,r
6211, 
6211,a
6211,T
6211,e
6211, 
6211,o
6211,t
6211,h
6211, 
6211,s
6211,f
6211,e
6211,e
6211,o
6211,o
6211, 
6211, 
6211, 
6211,f
6318,n
6318,t
6318,o
6318,K
6318, 
6318, 
6318,h
6318,f
6318,i
6318,t
6318,a
6318,e
6318, 
6318,n
6318,n
6318, 
6318,t
6318,g
6318,d
6318,s
6318,h
6318, 
6318, 
6318, 
6318,t
6318,e
6318,E
6318,y
6318,s
6318,a
6318, 
6318,d
6318,o
6318,o
6318,s
6541,w
6541,u
6541,u
6541,t
6541,a
6541,r
6541,l
6541,a
6541,r
6541, 
6541,s
6541,t
6541,d
6541,h
6541, 
6541,r
6541,e
6541, 
6541,e
6541,a
6541, 
6541, 
6541,a
6541,a
6541,n
6541,t
6541,o
6541,n
6541,r
6541,d
6829,h
6829,f
6829,d
6829,e
6829,t
6829, 
6829,e
6829, 
6829, 
6829,a
6829, 
6829,t
6829, 
6829,t
6829,t
6829,r
6829,i
6829,h
6829,c
6829,h
6829,h
6829,t
6829,s
6829,e
6829,o
6829,e
6829,e
6829, 
6829, 
6829, 
6829,u
6829, 
6829, 
6829,a
6829,a
6914,K
6914,r
6914,s
6914,n
6914, 
6914,i
6914,t
6914,t
6914,d
6914,s
6914,n
6914, 
6914,a
6914, 
6914,o
6914,g
6914,E
6914,t
6914,t
6914,l
6914, 
6914,n
6914,e
6914,h
6914,d
6914,H
6914,t
6914,","
6914,e
6914,i
6914,E
6914,e
6914, 
6914, 
6914,e
6914,N
6914,r
6914,a
6970,s
6970,r
6970,R
6970, 
6970,t
6970, 
6970,Y
6970,S
6970,a
6970,o
6970, 
6970,I
6970,t
6970,f
6970,T
6970,R
6970,e
6970, 
6970,H
6970, 
6970, 
6970,m
6970,E
6970,T
6970,o
6970, 
6970,O
6970,f
6970,F
6970,B
6970, 
6970,I
6970,Y
6970,h
6970,F
6970,.
6970,e
6971,T
6971, 
6971,r
6971,y
6971,H
6971,T
6971, 
6971,s
6971, 
6971,h
6971,h
6971,s
6971,]
6971,K
6971,e
6971,e
6971,o
6971, 
6971,I
6971, 
6971, 
6971,n
6971,T
6971,N
6971,K
6971,K
6971,","
6971,h
6971,I
6971,I
6972, 
6972,e
6972,N
6972,N
6972,A
6972, 
6972,G
6972,G
6972,n
6972,K
6972, 
6972, 
6972,s
6972,d
6972,I
6972,H
6972,H
6972,t
6972, 
6972,N
6972,E
6972,E
6972,a
6972,t
6972,G
6972,N
6972,t
6972,h
6972, 
6972,R
6972,e
6972,e
6972,H
6972,Y
7016, 
7016,n
7016,E
7016,.
7016,o
7016,N
7016, 
7016,f
7016,R
7016,W
7016, 
7016,Y
7016,h
7016,t
7016,.
7016,a
7016,h
7016, 
7016,t
7016,e
7016,W
7016, 
7016, 
7016,h
7016,s
7016,s
7016,a
7016,h
7016,t
7016,t
7016,o
7016,a
7016, 
7016,u
7016,t
7016,s
7016,l
7121,e
7121,h
7121,d
7121, 
7121,a
7121, 
7121,o
7121,l
7121,t
7121,f
7121,l
7121,h
7121, 
7121, 
7121,e
7121,R
7121,t
7121,t
7121, 
7121, 
7121,h
7121,h
7121,K
7121,a
7121,e
7121,e
7121,i
7121,n
7121, 
7121, 
7121,n
7121,d
7121,s
7121,K
7121,g
7121, 
7121,t
7121,i
7121, 
7121,C
7121,a
7121,n
7121,o
7121,L
7121,t
7121,g
7121,f
7121,A
7121,e
7121, 
7121,R
7121, 
7121,E
7121,o
7121,N
7148,f
7148,C
7148, 
7148,E
7148,t
7148, 
7148,h
7148,E
7148,e
7148,n
7148, 
7148,t
7148,e
7148,r
7148, 
7148,t
7148,h
7148,e
7148, 
7148,K
7148,I
7148,N
7148,G
7148, 
7148,H
7148,E
7148,N
7148,R
7148,Y
7148, 
7148,T
7148,H
7148,E
7148,o
7148, 
7148,n
7148, 
7148, 
7148, 
7148,I
7148,o
7148,W
7148,t
7148, 
7148,f
7148,h
7148,h
7148,h
7148, 
7148,a
7148,e
7148,a
7148,t
7158,t
7158, 
7158,v
7158,h
7158, 
7158,s
7158,e
7158,e
7158,s
7158,t
7158, 
7158, 
7158,h
7158,r
7158,a
7158,s
7158,o
7158,e
7158, 
7158,t
7158,u
7158,e
7158,s
7158,r
7158,u
7158,l
7158,t
7158,t
7158,e
7158,l
7158,d
7158,s
7158,r
7158,e
7158,s
7158, 
7158, 
7158,a
7158,t
7158, 
7158,y
7158,o
7158,n
7161,s
7161,a
7161,o
7161,f
7161,g
7161, 
7161,n
7161,u
7161, 
7161,e
7161,o
7161,d
7161, 
7161,t
7161, 
7161,f
7161, 
7161,s
7161,h
7161,o
7161, 
7161,t
7161,h
7161,e
7161,f
7161,t
7161,h
7161,o
7161,i
7161, 
7161,h
7161,e
7161,u
7161,r
7164,t
7164,e
7164, 
7164,l
7164, 
7164,h
7164, 
7164,s
7164,d
7164,s
7164,e
7164,s
7164,t
7164, 
7164,o
7164, 
7164,t
7164,r
7164,y
7164,u
7164,s
7164,a
7164,e
7164,o
7164,l
7164,t
7164,t
7164,e
7164,u
7164,s
7164,a
7164,e
7164,t
7164, 
7164, 
7164,t
7227, 
7227,s
7227,s
7227,A
7227,e
7227,A
7227, 
7227,e
7227,n
7227, 
7227,n
7227,o
7227,e
7227,d
7227,o
7227,d
7227,f
7227, 
7227, 
7227,f
7227, 
7227, 
7227,t
7227,s
7227, 
7227,s
7227,t
7227,h
7227,h
7227, 
7227,t
7227,h
7227,l
7227,h
7227,e
7227,a
7227,s
7227,h
7227,a
7227,a
7227,e
7227, 
7227,l
7227,h
7227,e
7227,l
7227,n
7227, 
7227,s
7227,l
7227,a
7227, 
7227,l
7227,d
7227,s
7227,t
7227, 
7271,l
7271,s
7271, 
7271, 
7271,t
7271,r
7271,b
7271,l
7271,t
7271,b
7271,a
7271,a
7271,a
7271, 
7271,a
7271,e
7271,n
7271,t
7271,n
7271,b
7271,t
7271,d
7271,e
7271,e
7271, 
7271, 
7271, 
7271,t
7271,T
7271,s
7309,h
7309,h
7309,o
7309,e
7309,a
7309,a
7309, 
7309, 
7309,t
7309,n
7309,s
7309,K
7309, 
7309,d
7309,o
7309,I
7309,h
7309, 
7309, 
7309,N
7309,e
7309,t
7309,m
7309,G
7309, 
7309,h
7309,u
7309, 
7309,e
7309,c
7309,H
7309, 
7309,h
7309,E
7309,K
7309, 
7309,N
7309,I
7309,a
7309,R
7309,N
7467,s
7467,Y
7467,G
7467, 
7467,.
7467, 
7467,t
7467, 
7467,H
7467,h
7467, 
7467,T
7467,E
7467,e
7467,T
7467,h
7467,N
7467, 
7467,h
7467,e
7467,R
7467,s
7467,e
7467, 
7467,Y
7467,t
7467, 
7467,K
7467,.
7467,r
7467,s
7467,i
7467, 
7467,a
7467,t
7467,n
7467,W
7467,n
7467,r
7467,g
7467,h
7467,g
7467,e
7467, 
7467,a
7467,e
7467,e
7467,o
7467,t
7467, 
7467,t
7467,f
7467, 
7467,o
7467,s
7467, 
7467,s
7511,f
7511, 
7511,F
7511,h
7511, 
7511,o
7511,r
7511,o
7511,t
7511,f
7511,a
7511,u
7511,h
7511, 
7511,n
7511,l
7511,t
7511,d
7511,h
7511, 
7511,e
7511,I
7511, 
7511, 
7511,s
7511,s
7511,t
7511,a
7511,a
7511,y
7511,t
7511, 
7511,e
7511,t
7511, 
7511,h
7511,o
7511,e
7511,f
7511, 
7511, 
7511,t
7511,h
7511,t
7511,e
7511,h
7511, 
7511,e
7511,s
7511, 
7511,t
7541,K
7541,a
7541,i
7541,t
7541,n
7541,e
7541,i
7541,g
7541, 
7541,d
7541, 
7541,o
7541, 
7541,H
7541,f
7541,h
7541,e
7541, 
7541,i
7541,n
7541,m
7541,r
7541, 
7541,y
7541,a
7541, 
7541,s
7541,t
7541, 
7541,h
7541,h
7541,e
7541,e
7541, 
7541, 
7541,K
7541,w
7541,i
7541,i
7541,n
7541,l
7547,g
7547,l
7547, 
7547, 
7547,o
7547,b
7547,f
7547,e
7547, 
7547, 
7547, 
7547,F
7547,t
7547,s
7547,r
7547,h
7547,o
7547,a
7547,e
7547, 
7547,n
7547, 
7547,s
7547,c
7547,K
7547,i
7547,o
7547,e
7547,i
7547,c
7547, 
7642,","
7642,n
7642,h
7642,f
7642, 
7642,g
7642, 
7642,a
7642,A
7642, 
7642,t
7642,i
7642,n
7642,H
7642,h
7642,r
7642,d
7642,E
7642,o
7642,e
7642, 
7642, 
7642,N
7642,u
7642,y
7642,a
7642,t
7642,R
7642,r
7642, 
7642,s
7646,h
7646,Y
7646, 
7646,s
7646, 
7646,e
7646,.
7646,f
7646,h
7646,h
7646, 
7646,a
7646,a
7646,e
7646,W
7646,t
7646,l
7646, 
7646,h
7646,h
7646,l
7646,w
7646,a
7646,e
7646, 
7646,e
7646,t
7646,r
7646,b
7646,r
7646, 
7646, 
7646,e
7646,e
7646,s
7646,w
7646, 
7646, 
7674,h
7674,i
7674,s
7674,o
7674,l
7674,o
7674,u
7674,l
7674, 
7674,l
7674, 
7674,s
7674,d
7674,b
7674,o
7674, 
7674,e
7674, 
7674,I
7674, 
7674,f
7674, 
7674,s
7674,a
7674,s
7674,o
7674,r
7674,a
7674, 
7674, 
7674,y
7674,s
7675,a
7675, 
7675,o
7675,s
7675,t
7675, 
7675, 
7675,h
7675,m
7675,t
7675,e
7675,u
7675,h
7675, 
7675,c
7675,e
7675,K
7675,h
7675, 
7675,i
7675, 
7675,s
7675,n
7675,a
7675,t
7675,g
7675,s
7675,r
7675, 
7675,e
7675,y
7675,e
7675,o
7675,t
7675,u
7675,s
7675, 
7675, 
7675, 
7675,a
7675,t
7684,r
7684,o
7684,e
7684, 
7684, 
7684,t
7684,a
7684,h
7684,s
7684,e
7684, 
7684,s
7684,t
7684,a
7684,t
7684,e
7684, 
7684,o
7684,f
7684, 
7684,t
7684,h
7684,e
7684, 
7684,s
7684,t
7684,a
7684,t
7684,e
7684, 
7684,T
7684,h
7684,a
7684,t
7684, 
7684,t
7684,h
7713,e
7713, 
7713,s
7713,t
7713,O
7713,a
7713,R
7713,t
7713,D
7713,e
7713,","
7713, 
7713, 
7713,o
7713,a
7713,f
7713,n
7713,d
7713, 
7713,t
7713,h
7713,e
7713, 
7713,K
7713,I
7713,K
7713,N
7713,I
7713,G
7713,N
7713, 
7713,s
7713,G
7713,H
7713,o
7713, 
7713,E
7713,u
7713,E
7713,N
7713,l
7713,o
7713,D
7713,R
7713, 
7713,w
8131,W
8131,Y
8131,a
8131,","
8131,A
8131,.
8131,n
8131, 
8131,R
8131, 
8131,d
8131,b
8131,D
8131,W
8131, 
8131,e
8131,.
8131,h
8131,m
8131, 
8131, 
8131,a
8131,y
8131,t
8131,T
8131,t
8131, 
8131,h
8131,h
8131, 
8131,s
8131,e
8131,e
8139,s
8139,o
8139, 
8139, 
8139,h
8139,u
8139,K
8139,K
8139,o
8139,l
8139,i
8139,i
8139,u
8139, 
8139,n
8139,n
8139,l
8139,a
8139,g
8139,g
8139,d
8139,n
8139, 
8139, 
8139, 
8139,d
8139,o
8139,E
8139,I
8139, 
8139,f
8139,n
8139, 
8139,m
8139, 
8343,t
8343,s
8343,y
8343,F
8343,e
8343,a
8343, 
8343,r
8343,r
8343,y
8343,s
8343,a
8343, 
8343,","
8343, 
8343,o
8343,n
8343,S
8343, 
8343,t
8343,u
8343,c
8343,I
8343,a
8343,h
8343,l
8343,e
8343,R
8343,n
8343, 
8343,","
8343, 
8343,d
8343,T
8343, 
8343,T
8343, 
8343,h
8343,t
8343,O
8343,t
8343,a
8345,h
8345,B
8345,h
8345,t
8345,e
8345,Y
8345,e
8345, 
8345, 
8345,.
8345, 
8345,I
8345,K
8345, 
8345,K
8345, 
8345,i
8345,T
8345,I
8345,h
8345,n
8345,h
8345,N
8345,a
8345,g
8345,e
8345,G
8345,v
8345, 
8345, 
8345, 
8345,e
8345,H
8373,K
8373,H
8373, 
8373,a
8373,I
8373,E
8373,s
8373,t
8373,N
8373,N
8373,e
8373,h
8373,R
8373,e
8373, 
8373,Y
8373,n
8373,b
8373,.
8373,e
8373, 
8373,e
8373,W
8373,n
8373,h
8373,a
8373,t
8373, 
8373,s
8373,h
8373,o
8373,u
8373,l
8373,d
8373, 
8373,I
8373, 
8373,s
8373,a
8373,y
8677, 
8677,t
8677,h
8677,e
8677, 
8677,K
8677,i
8677,e
8677, 
8677,s
8677,t
8677,a
8677,t
8677,e
8677, 
8677,o
8677,f
8677, 
8677,s
8677,t
8677, 
8677,h
8677,a
8677,e
8677,n
8677, 
8677,d
8677,s
8677, 
8677,t
8677,t
8677,a
8677,h
8677,t
8677,e
8677,e
8677, 
8677, 
8677,s
8677,o
8677,t
8677,f
8677,a
8677, 
8677,t
8677,t
8677,e
8677,h
8677, 
8677,e
8694,o
8694, 
8694,f
8694,s
8694, 
8694,t
8694,t
8694,a
8694,h
8694,t
8694,e
8694,e
8694, 
8694, 
8694,s
8694,o
8694,t
8694,f
8694,a
8694, 
8694,t
8694,t
8694,e
8694,h
8694, 
8694,e
8694,A
8694, 
8694,s
8694,s
8694, 
8694,t
8694,t
8694,a
8694,h
8694,t
8694,e
8694,e
8694, 
8694,","
8694,s
9015, 
9015,t
9015,r
9015,e
9015,e
9015,t
9015,s
9015, 
9015,o
9015,f
9015, 
9015,t
9015, 
9015,s
9015,e
9015,e
9015,n
9015, 
9015,t
9015,h
9015,e
9015,e
9015, 
9015,t
9015,o
9015, 
9015,t
9015,h
9015,e
9015, 
9015,s
9111,t
9111,a
9111,t
9111,e
9111, 
9111,O
9111,f
9111, 
9111,t
9111,h
9111,e
9111, 
9111,s
9111,i
9111,t
9111,u
9111,a
9111,s
9111,t
9111,","
9111,e
9111,r
9111, 
9111, 
9111,e
9111,a
9111,o
9111, 
9111,n
9111,f
9111,t
9111,d
9111, 
9111,h
9111, 
9111,t
9111,e
9111,t
9111,h
9111, 
9111,h
9111,e
9111,K
9111,e
9111, 
9111,i
9111, 
9111,s
9111,n
9111,K
9111,t
9111, 
9111,g
9111,I
9111,a
9111,t
9171, 
9171,N
9171,t
9171,o
9171,E
9171,G
9171,e
9171, 
9171,n
9171, 
9171,t
9171,t
9171,H
9171,h
9171,e
9171,E
9171,e
9171,r
9171,N
9171, 
9171, 
9171,R
9171,s
9171,t
9171,Y
9171,t
9171,h
9171,.
9171,a
9171,e
9171, 
9171,t
9171, 
9171,W
9171,e
9171,K
9171,h
9173, 
9173,I
9173,a
9173,o
9173,N
9173,t
9173,f
9173,G
9173, 
9173, 
9173, 
9173,s
9173,t
9173,H
9173,h
9173,h
9173,E
9173,o
9173,e
9173,N
9173,u
9173, 
9173,R
9173,l
9173,s
9173,Y
9173,d
9173,t
9173,.
9173, 
9173,a
9173, 
9198,I
9198,t
9198,T
9198, 
9198,e
9198,h
9198,h
9198, 
9198,e
9198,a
9198,o
9198, 
9198,v
9198,f
9198,K
9198,e
9198, 
9198,I
9198, 
9198,t
9198,N
9198,s
9198,h
9198,G
9198,e
9198,e
9198, 
9198,h
9198,e
9198, 
9198,H
9214, 
9214,n
9214,s
9214,E
9214,a
9214, 
9214,t
9214,N
9214,n
9214,t
9214,a
9214,R
9214,d
9214,t
9214,Y
9214, 
9214,e
9214,.
9214,t
9214, 
9214, 
9214,h
9214,o
9214,e
9214,f
9214, 
9214, 
9214,s
9214,t
9214,t
9214,h
9214,a
9214,e
9214,t
9214, 
9214,e
9214,s
9214, 
9214,t
9214,o
9214,a
9214,f
9214, 
9214,t
9214,h
9214,e
9214, 
9214,e
9261,s
9261, 
9261,t
9261,s
9261,a
9261,h
9261,t
9261,a
9261,e
9261,l
9261, 
9261,l
9261,T
9261, 
9261,h
9261,b
9261,a
9261,e
9261,t
9261, 
9261, 
9261,s
9261,t
9261,o
9261,h
9261, 
9261,e
9261,s
9261, 
9261,o
9261,s
9261, 
9261,t
9261,m
9261,a
9261,u
9261,t
9261,c
9261,e
9261,h
9261, 
9261, 
9261,o
9295,a
9295,f
9295,s
9295, 
9295, 
9295,t
9295,t
9295,h
9295,h
9295,e
9295,e
9295, 
9295, 
9295,s
9295,t
9295,r
9295,e
9295,e
9295,f
9295,t
9295, 
9295,s
9295,a
9295, 
9295,n
9295,o
9295,d
9295,f
9295, 
9295, 
9295,m
9295,t
9295,y
9295,h
9295, 
9295,e
9295,l
9295, 
9295,o
9295,s
9295,v
9295,t
9295,e
9295,a
9295, 
9295,t
9295,a
9295,e
9295,n
9295, 
9295,d
9295,A
9295, 
9295,m
9295,y
9295, 
9295,l
9295,o
9295,v
9295,e
9295, 
9295,T
9295,h
9295,a
9295,t
9295, 
9295,I
9295, 
9295,h
9295,a
9295,v
9295,e
9295, 
9295,s
9295,e
9295,e
9295,n
9295, 
9295,t
9295,h
9295,e
9295,E
9295, 
9295,N
9295,s
9295,R
9295,t
9295,Y
9295,r
9295,.
9295,a
9295, 
9295,n
9295,W
9295,h
9295,a
9295,t
9295, 
9295,s
9295,h
9295,o
9295,u
9295,l
9295,d
9295, 
9295,y
9321,o
9321,u
9321, 
9321,s
9321,h
9321,o
9321,u
9321,l
9321,d
9321, 
9321,y
9321,o
9321,u
9321, 
9321,s
9321,e
9321,e
9321, 
9321,y
9321,o
9321,u
9321, 
9321,t
9321,h
9321,e
9321, 
9321,s
9321,t
9321,r
9321,e
9321,e
9321,t
9321, 
9321,o
9321,t
9321,r
9321,e
9321,e
9321,t
9321, 
9321,o
9321,f
9321, 
9321,t
9321,h
9321,e
9321, 
9321,s
9321,t
9321,a
9321,t
9321,e
9321, 
9321,O
9321,f
9321, 
9321,t
9321,a
9321,h
9404,r
9404,e
9404,c
9404, 
9404,i
9404,s
9404,u
9404,t
9404,s
9404,a
9404,","
9404,t
9404, 
9404,e
9404,a
9404, 
9404,n
9404,o
9404,d
9404,f
9404, 
9404, 
9404,t
9404,t
9404,h
9404,h
9404,e
9404,e
9404, 
9404, 
9404,s
9404,s
9404,t
9404,t
9404,a
9404,a
9404,t
9404,t
9404,e
9404,e
9404, 
9404, 
9404,o
9404,o
9404,f
9524,f
9524, 
9524, 
9524,t
9524,t
9524,h
9524,h
9524,e
9524,e
9524, 
9524, 
9524,s
9524,s
9524,t
9524,t
9524,a
9524,e
9524,a
9524,t
9524,r
9524,e
9524,t
9524, 
9524,a
9524,a
9524,T
9524,i
9524,l
9524,h
9524,n
9524,l
9524,a
9524, 
9524, 
9524,t
9524,t
9524,b
9524, 
9524,h
9524,e
9524,t
9524,e
9524, 
9561,h
9561, 
9561,s
9561,e
9561,s
9561,o
9561, 
9561,t
9561, 
9561,s
9561,a
9561,m
9561,t
9561,t
9561,u
9561,a
9561,e
9561,c
9561,t
9561, 
9561,h
9561,e
9561,o
9561, 
9561, 
9561,f
9561,a
9561,o
9561, 
9561,s
9561,f
9561,t
9561, 
9561, 
9561,h
9561,t
9561,C
9561,e
9561,h
9561,a
9561, 
9561,e
9561,s
9561, 
9561,t
9561,s
9561,a
9561,t
9561,t
9561,r
9561,e
9561,a
9561, 
9561,n
9561,o
9561,g
9561,f
9561,e
9731, 
9731, 
9731,t
9731,o
9731,h
9731,f
9731,e
9731, 
9731, 
9731,t
9731,s
9731,h
9731,t
9731,e
9731,a
9731, 
9731,t
9731,s
9731,e
9731,t
9731, 
9731,a
9731,o
9731,t
9731,f
9731,e
9731, 
9731, 
9731,t
9731,A
9731,h
9731,s
9731,e
9731, 
9731, 
9731,I
9731,s
9731, 
9731,t
9731,w
9731,a
9731,i
9731,s
9731,t
9731,l
9731,t
9731,e
9731,l
9731,a
9731,r
9731,","
9731, 
9731,t
9731,e
9731,n
9731,e
9731,a
9731,o
9731, 
9731,t
9737,t
9737,o
9737, 
9737,f
9737,a
9737, 
9737,n
9737,t
9737,d
9737,h
9737, 
9737,e
9737,t
9737, 
9737,h
9737,s
9737,e
9737,t
9737, 
9737,a
9737,K
9737,t
9737,I
9737,e
9737,N
9737, 
9737,G
9737,o
9737, 
9737,f
9737,H
9737, 
9737,E
9737, 
9737,t
9737,N
9737,w
9737,h
9737,R
9737,i
9737,e
9737,Y
9737,l
9737, 
9737,.
9737,l
9737,s
9737, 
9737, 
9737,t
9737,W
9737,n
9737,a
9737,h
9737,o
9737,t
9737,a
9737,t
9737,e
9737,t
9737, 
9737, 
9737, 
9813,s
9813,T
9813,s
9813,e
9813,h
9813,h
9813,e
9813,a
9813,o
9813, 
9813,t
9813,u
9813,t
9813, 
9813,l
9813,h
9813,t
9813,d
9813,e
9813,h
9813, 
9813, 
9813,e
9813,I
9813,s
9813,y
9813, 
9813,t
9813, 
9813,h
9813,r
9813,h
9813,a
9813,e
9813,a
9813,v
9813,e
9813,v
9813,e
9818,t
9818,e
9818, 
9818, 
9818, 
9818,s
9818,o
9818,s
9818,e
9818,f
9818,e
9818,e
9818, 
9818,e
9818,n
9818,t
9818,n
9818, 
9818,h
9818, 
9818,t
9818,e
9818,t
9818,h
9818, 
9818,h
9818,e
9818,s
9818,e
9818, 
9818,t
9824,i
9824,s
9824,a
9824,r
9824,t
9824,t
9824,r
9824,e
9824,e
9824, 
9824,o
9824,f
9824, 
9824,t
9824,h
9824,e
9824, 
9824,s
9824,t
9824,a
9824,t
9824,e
9824, 
9824,o
9824,f
9824, 
9824,t
9824,h
9824,e
9824, 
9824, 
9824,w
9824,i
9824,l
9824,l
9824, 
9824,n
9824,o
9824,E
9824,t
9824,T
9824, 
9824,.
9824,s
9824, 
9960,e
9960,T
9960,e
9960,h
9960, 
9960,e
9960,t
9960, 
9960,h
9960,K
9960,e
9960,i
9960,e
9960,n
9960, 
9960,g
9960,t
9960, 
9960,o
9960,i
9960, 
9960,s
9960,t
9960, 
9960,h
9960,t
9960,e
9960,h
9960,e
9960,e
9960, 
9960, 
9960,t
9960,K
9960,h
9960,i
9960,a
9960,n
9960,t
9960,g
9960, 
9960, 
9961,t
9961,o
9961,h
9961,f
9961,o
9961, 
9961,u
9961,h
9961,t
9961, 
9961,a
9961,h
9961,a
9961,l
9961,e
9961,r
9961,l
9961, 
9961,t
9961, 
9961,K
9961, 
9961,b
9961,i
9961,a
9961,e
9961,n
9961, 
9961, 
9961,g
9961,s
9961,s
9961, 
9961,o
9961,o
9961,a
9961,l
9961, 
9961,n
9961,d
9961,s
9961,d
9961,i
9961,o
9961, 
9961,e
9961, 
9961,t
9961,r
9961,m
9961,h
9961, 
9961,u
9961,e
9961,o
9961,c
9961, 
9961,f
9961,h
9961,K
9961, 
9961, 
9961,i
9961,t
9961,T
9961,n
9961,h
9961,h
9961,g
9961,e
9961,a
9961, 
9961, 
9961,t
9961,H
9961,s
9961, 
9961,a
9961,I
9961,t
9961, 
9961,h
9961,h
9961, 
9961,a
9961,b
9961,v
9961,e
9961,e
9961,e
9961, 
9961,n
9961,s
9961,e
9961,e
9961,n
9961, 
9961,t
9961,h
10135,e
10135, 
10135,s
10135,t
10135,r
10135,a
10135,n
10135,g
10135,e
10135, 
10135,o
10135,f
10135, 
10135,t
10135,h
10135,e
10135, 
10135,s
10135,t
10135,a
10135,t
10135,e
10135,g
10135,e
10135, 
10135,o
10135,f
10135, 
10135,t
10135,h
10135,e
10135, 
10135,s
10135,t
10135,a
10135,t
10138,e
10138, 
10138,o
10138,f
10138, 
10138,t
10138,h
10138,e
10138, 
10138,s
10138,t
10138,a
10138,t
10138,e
10138, 
10138,o
10138,f
10138, 
10138,t
10138,h
10138,e
10138, 
10138,s
10138,t
10138,a
10138,t
10138,e
10138, 
10138,o
10138,t
10138,f
10138,y
10138, 
10138, 
10138,t
10138,w
10138,h
10138,i
10138,e
10138,l
10138, 
10138,l
10138,s
10138, 
10138,t
10170,n
10170,a
10170,o
10170,t
10170,t
10170,e
10170, 
10170,","
10170,b
10170, 
10170,e
10170,a
10170, 
10170,n
10170,s
10170,d
10170,o
10170, 
10170, 
10170,t
10170,s
10170,h
10170,o
10170, 
10170,m
10170,u
10170,c
10170,h
10170, 
10170,a
10170,s
10170, 
10170,t
10170,h
10170,e
10170, 
10185,s
10185,t
10185,r
10185,e
10185,e
10185,t
10185, 
10185,A
10185,s
10185, 
10185,t
10185,d
10185,h
10185, 
10185,e
10185,t
10185, 
10185,h
10185,s
10185,e
10185,t
10185, 
10185,r
10185,s
10185,e
10185,t
10185,e
10185,r
10185,t
10185,e
10185, 
10185,e
10185, 
10185,o
10208,t
10208,t
10208,f
10208, 
10208,h
10208, 
10208,o
10208,e
10208,t
10208,f
10208, 
10208,h
10208, 
10208,s
10208,e
10208,t
10208,t
10208, 
10208,h
10208,a
10208,s
10208,e
10208,t
10208, 
10208,e
10208,s
10208, 
10208,t
10208,o
10208,a
10208,f
10208,t
10208, 
10208,e
10208,t
10208, 
10208,h
10208,o
10208,e
10208,f
10208, 
10208, 
10208,s
10208,t
10208,t
10208,h
10208,a
10208,e
10208,t
10208, 
10208,e
10208,s
10208, 
10208,t
10208,o
10238,a
10238,f
10238,t
10238, 
10238,e
10238,t
10238, 
10238,h
10238,A
10238,e
10238,n
10238, 
10238,d
10238,s
10238, 
10238,t
10238,s
10238,a
10238,h
10238,t
10238,a
10238,e
10238,l
10238,","
10238,l
10238, 
10238, 
10238,A
10238,b
10238,n
10591,e
10591,d
10591, 
10591, 
10591,s
10591,t
10591,o
10591,h
10591, 
10591,e
10591,s
10591,n
10591,o
10591, 
10591, 
10591,t
10591,m
10591,h
10591,u
10591,e
10591,c
10591, 
10591,h
10591,s
10591, 
10591,t
10591,a
10591,t
10591,e
10591, 
10591,o
10591,f
10913, 
10913,t
10913,h
10913,e
10913,s
10913,e
10913, 
10913,E
10913,n
10913,t
10913,e
10913,r
10913, 
10913,A
10913,R
10913,I
10913,E
10913,L
10913, 
10913,S
10913,I
10913,R
10913, 
10913,T
10913,O
10913,B
10913,Y
10913,.
10913, 
10913,T
10913,h
10913,e
10913, 
10913,K
10913,I
10913,N
10913,G
12846, 
12846,H
12846,E
12846,N
12846,R
12846,Y
12846,.
12846, 
12846,T
12846,h
12846,e
12846, 
12846,K
12846,I
12846,N
12846,G
12846, 
12846,H
12846,E
12846,N
12846,R
12846,Y
12846,.
12846, 
12846,T
12846,h
12846,e
12846, 
12846,K
12846,I
12846,N
12846,G
12846, 
12846,H
12846,E
12846, 
12846,I
12846, 
12846,w
12846,i
12846,l
12846,l
12846, 
12846,n
12846,o
12846,t
12846, 
12846,s
12846,e
12846,e
12846, 
12846,t
12846,h
12846,e
12846, 
12846,s
12846,t
12846,r
12846,a
12846,n
12846,g
12846,e
13312, 
13312,o
13312,f
13312, 
13312,t
13312,e
13312,h
13312, 
13312,e
13312,s
13312, 
13312,t
13312,s
13312,r
13312,t
13312,e
13312,a
13312,e
13312,t
13312,t
13312,e
13312, 
13312, 
13312,o
13312,o
13312,f
13312,f
13312, 
13312, 
13312,t
13312,t
13312,h
13312,h
13345,e
13345,e
13345, 
13345, 
13345,s
13345,s
13345,t
13345,t
13345,a
13345,a
13345,t
13345,t
13345,e
13345,e
13345, 
13345, 
13345,A
13345,A
13345,n
13345,n
13345,d
13345,d
13345, 
13345, 
13345,t
13345,t
13345,h
13345,h
13345,e
13345,e
13345, 
13345, 
13345,s
13345,s
13345,t
13345,t
13345,r
14114,a
14114,e
14114,t
14114,e
14114,e
14114,t
14114, 
14114,s
14114,o
14114, 
14114,f
14114,o
14114,f
14114, 
14114,t
14114,h
14114,e
14114, 
14114,s
14114,t
14114,a
14114,t
14114,e
14114, 
14114,o
14114,f
14114, 
14114,t
14114,h
14114,e
14114, 
14114,s
14861,t
14861,a
14861,t
14861,e
14861, 
14861,T
14861,h
14861,a
14861,t
14861, 
14861,t
14861,t
14861, 
14861,t
14861,h
14861,e
14861, 
14861,s
14861,t
14861,r
14861,e
14861,e
14861,t
14861,o
14861,x
14861,s
14861,r
14861,e
14861, 
14861,k
14861,u
14861,o
14861, 
14861,n
14861,f
14861,A
14861,t
14861, 
14861,n
14861, 
14861,t
16187,d
16187,S
16187,h
16187, 
16187,C
16187,e
16187,t
16187,E
16187, 
16187,h
16187,N
16187,s
16187,e
16187,E
16187,t
16187, 
16187, 
16187,a
16187,s
16187,I
16187,t
16187,t
16187,I
16187,e
16187,r
16187,I
16187, 
16187,e
16187,.
16187,o
17884,e
17884, 
17884,f
17884,t
17884,A
17884, 
17884,s
17884, 
17884,t
17884, 
17884,p
17884,h
17884,o
17884,r
17884,e
17884,f
17884,i
17884, 
17884, 
17884,n
17884,s
17884,m
17884,c
17884,t
17884,y
17884,e
17884,a
17884, 
17884, 
17884,t
17884,s
17884,E
17884,e
17884,o
17884,n
17884, 
18910,u
18910,t
18910,A
18910,l
18910,e
18910,n
18910, 
18910,r
18910,d
18910,a
18910, 
18910, 
18910,n
18910,A
18910,t
18910,d
18910,L
18910,h
18910, 
18910,B
18910,e
18910,m
18910,A
18910, 
18910,y
18910,N
18910,s
18910, 
18910,S
18910,t
18910,s
18910, 
18910,a
18910,o
18992,A
18992,t
18992,u
18992,N
18992,e
18992,l
18992,T
18992, 
18992, 
18992,I
18992,o
18992,T
18992,P
18992,f
18992,h
18992,H
18992, 
18992,a
18992,O
18992,t
18992,t
18992,L
18992,h
18992, 
18992,U
18992,e
18992,I
18992,S
18992, 
18992, 
18992, 
18992,s
19151,h
19151,O
19151,t
19151,a
19151,F
19151,a
19151,v
19151, 
19151,t
19151,e
19151,E
19151,e
19151, 
19151,P
19151, 
19151,s
19151,H
19151,o
19151,e
19151,E
19151,f
19151,e
19151,S
19151, 
19151,n
19151,U
19151,t
19151, 
19151,S
19151,h
19151,t
19151,.
19151,e
19346,h
19346, 
19346, 
19346,e
19346,T
19346,s
19346, 
19346,h
19346,t
19346,s
19346,e
19346,a
19346,t
19346, 
19346,t
19346,r
19346,K
19346,e
19346,a
19346,I
19346, 
19346,n
19346,N
19346,g
19346,G
19346,e
19346, 
19346, 
19346,H
19346,o
19346,E
19346,f
19346,N
19346, 
19346,R
19346,t
19346,Y
19346,h
19346,.
19346,e
19346, 
19346, 
19346,T
19346,s
19346,h
19346,m
19346,e
19346,s
19346, 
19346,t
19346,o
19346, 
19346,t
19346,h
19346,e
19346, 
19346,s
19346,t
19346,a
19346,t
19346,e
19346, 
19367,o
19367,f
19367, 
19367,t
19367,h
19367,e
19367, 
19367,s
19367,t
19367,a
19367,t
19367,e
19367, 
19367,o
19367,f
19367, 
19367,t
19367,h
19367,e
19367, 
19367,s
19367,t
19367,a
19367,t
19367,e
19367, 
19367,o
19367,f
19367, 
19367,t
19367,h
19367,e
19367, 
19367,s
19367,t
19367,a
19367,t
19367,e
19367,","
19367, 
19367,a
19369,n
19369,d
19369, 
19369,n
19369,t
19369,y
19369,h
19369, 
19369,e
19369,t
19369, 
19369,h
19369,s
19369,a
19369,t
19369,n
19369,a
19369, 
19369,t
19369,t
19369,e
19369,h
19369, 
19369,e
19369,o
19369, 
19369,f
19369,s
19369, 
19369,t
19369,t
19369,a
19369,h
19369,t
19997,e
19997,e
19997, 
19997, 
19997,s
19997,o
19997,t
19997,f
19997,a
19997, 
19997,t
19997,t
19997,e
19997,h
19997, 
19997,e
19997,o
19997, 
19997,f
19997,s
19997, 
19997,t
19997,t
19997,a
19997,t
19997,e
19997, 
19997,o
19997,f
19997, 
19997,h
19997,i
19997,s
19997, 
19997,s
19997,o
19997,n
19997,","
19997, 
19997,A
19997,n
19997,d
19997, 
19997,t
19997,h
19997,e
19997,n
19997, 
19997,t
19997,h
19997,e
19997, 
19997,s
19997,t
19997,a
19997,t
19997,e
19997, 
19997,o
20017,f
20017, 
20017,t
20017,h
20017,e
20017, 
20017,s
20017,t
20017,a
20017,t
20017,e
20017, 
20017,o
20017,f
20017, 
20017,t
20017,h
20017,e
20017, 
20017,s
20017,t
20017,a
20017,t
20017,e
20017, 
20017,T
20017,h
20017,e
20017, 
20017,s
20017,t
20017,a
20017,t
20017,e
20017, 
20017,o
20017,f
20017, 
20017,t
20017,h
20017,e
20017, 
20017,s
20017,t
20017,a
20017,t
20017,e
20017, 
20017,A
20017,m
20017,n
20017,m
20017,d
20017,o
20017, 
20017,n
20017,t
20017, 
20017,h
20017,o
20017,e
20017,f
20017, 
20017, 
20017,s
20017,t
20017,t
20017,h
20017,a
20017,e
20017,t
20017, 
20017,e
20017,s
20017, 
20017,t
20017,o
20017,a
20017,f
20017,t
20021, 
20021,e
20021,t
20021, 
20021,h
20021,o
20021,e
20021,f
20021, 
20021, 
20021,s
20021,t
20021,t
20021,h
20021,a
20021,e
20021,t
20021, 
20021,e
20021,s
20021, 
20021,t
20021,o
20021,a
20021,f
20021,t
20021, 
20021,e
20021,t
20021, 
20021,h
20021,o
20021,e
20021,f
20021, 
20021, 
20021,s
20021,t
20021,t
20021,h
20021,a
20021,e
20021,t
20021, 
20021,e
20021,s
20021, 
20021,t
20021,T
20021,a
20021,h
20021,t
20040,a
20040,e
20040,t
20040, 
20040, 
20040,o
20040,I
20040,f
20040, 
20040, 
20040,h
20040,t
20040,a
20040,h
20040,v
20040,e
20040,e
20040, 
20040, 
20040,s
20040,s
20040,t
20040,e
20040,a
20040,e
20040,t
20040,n
20040,e
20040, 
20040, 
20090,t
20090,o
20090,h
20090,f
20090,e
20090, 
20090, 
20090,t
20090,s
20090,h
20090,t
20090,e
20090,r
20090, 
20090,e
20090,s
20090,e
20090,t
20090,t
20090,a
20090,s
20090,t
20090, 
20090,e
20090,o
20090,","
20090,f
20090, 
20090, 
20090,a
20090,t
20090,n
20090,h
20090,d
20100,e
20100, 
20100, 
20100,t
20100,s
20100,h
20100,e
20100, 
20100,s
20100,t
20100,a
20100,t
20100,e
20100, 
20100,o
20100,f
20100, 
20100,t
20100,h
20100,e
20100, 
20100,s
20100,t
20100,a
20100,t
20100,e
20100, 
20100,o
20100,n
20100, 
20100,t
20100,h
20106,e
20106, 
20106,s
20106,t
20106,a
20106,t
20106,e
20106, 
20106,o
20106,f
20106, 
20106,t
20106,h
20106,e
20106, 
20106,s
20106,t
20106,a
20106,t
20106,e
20106, 
20106,o
20106,f
20106, 
20106,t
20106,h
20106,e
20106, 
20106,s
20106,t
20106,a
20297,t
20297,e
20297, 
20297,T
20297,h
20297,a
20297,t
20297, 
20297,h
20297,e
20297, 
20297,w
20297,a
20297,s
20297, 
20297,a
20297, 
20297,s
20297,t
20297,r
20297,a
20297,n
20297,g
20297,e
20297, 
20297,o
20297,f
20297, 
20297,t
20297,h
20297,e
20297, 
20297,s
20297,t
20297,a
20672,t
20672,e
20672, 
20672,o
20672,f
20672, 
20672,t
20672,h
20672,e
20672, 
20672,s
20672,t
20672,a
20672,t
20672,e
20672, 
20672,A
20672,n
20672,d
20672, 
20672,s
20672,h
20672,a
20672,l
20672,l
20672, 
20672,b
20672,e
20672, 
20672,s
20672,o
20672, 
20672,s
20672,o
20672, 
20672,m
20672,i
20672,n
20672,y
20672, 
20672,E
20810,n
20810,t
20810,e
20810,r
20810, 
20810,t
20810,h
20810,e
20810, 
20810,K
20810,I
20810,N
20810,G
20810, 
20810,H
20810,E
20810,N
20810,R
20810,Y
20810,.
20810, 
20810,T
20810,h
20810,e
20810, 
20810,K
20810,I
20810,N
20810,G
20810, 
20810,H
20810,E
20810,N
20810,R
20810,Y
20810,.
20810, 
20810,T
20810,h
20899,e
20899, 
20899,K
20899,I
20899,N
20899,G
20899, 
20899,H
20899,E
20899,N
20899,R
20899,Y
20899,.
20899, 
20899,W
20899,h
20899,a
20899,t
20899, 
20899,s
20899,h
20899,o
20899,u
20899,l
20899,d
20899, 
20899,I
20899, 
20899,h
20899,a
20899,v
20899,e
20899, 
20899,s
20899,e
20899,e
20899,n
20899, 
20899,t
20929,h
20929,e
20929, 
20929,K
20929,i
20929,n
20929,g
20929, 
20929,o
20929,f
20929, 
20929,F
20929,r
20929,a
20929,n
20929,c
20929,e
20929, 
20929,a
20929,n
20929,d
20929, 
20929,t
20929,h
20929,e
20929, 
20929,K
20929,i
20929,n
20929,g
20929,n
20929,g
20962, 
20962,t
20962,h
20962,e
20962, 
20962,s
20962,t
20962,r
20962,e
20962,e
20962,t
20962,s
20962, 
20962,o
20962,f
20962, 
20962,t
20962,h
20962,e
20962, 
20962,s
20962,t
20962,a
20962,t
20962,e
20962, 
20962,o
20962,f
20962, 
20962,t
20962,h
20962,e
20962, 
21791,s
21791,t
21791,a
21791,t
21791,e
21791, 
21791,A
21791,n
21791,d
21791, 
21791,t
21791,h
21791,e
21791, 
21791,s
21791,t
21791,a
21791,t
21791,e
21791, 
21791,o
21791,f
21791, 
21791,t
21791,h
21791,e
21791, 
21791,s
21791,t
21791,a
21791,t
21791,e
21791, 
21791,o
21791,f
21791, 
22361,t
22361,h
22361,e
22361, 
22361,s
22361,t
22361,a
22361,t
22361,e
22361, 
22361,A
22361,n
22361,d
22361, 
22361,t
22361,h
22361,e
22361, 
22361,s
22361,t
22361,a
22361,t
22361,e
22361, 
22361,o
22361,f
22361, 
22361,t
22361,h
22361,e
22361, 
22361,s
22361,t
22361,a
22361,t
22361,e
22361, 
22361,o
22361,f
22361, 
22361,t
22361,h
22361,e
22361, 
22361,s
22361,t
22361,a
22361,t
22361,e
22361, 
22361,T
22361,h
22361,a
22361,t
22361, 
22361,w
22431,e
22431, 
22431,h
22431,a
22431,v
22431,e
22431, 
22431,s
22431,e
22431,e
22431,n
22431, 
22431,t
22431,h
22431,e
22431, 
22431,s
22431,t
22431,r
22431,e
22431,e
22431,t
22431, 
22431,t
22431,o
22431, 
22431,t
22431,h
22431,e
22431, 
22431,s
22431,t
22816,a
22816,t
22816,e
22816, 
22816,o
22816,f
22816, 
22816,t
22816,h
22816,e
22816, 
22816,s
22816,t
22816,a
22816,t
22816,e
22816, 
22816,A
22816,n
22816,d
22816, 
22816,t
22816,h
22816,e
22816, 
22816,s
22816,t
22816, 
22816,a
22816,I
22816,t
22816, 
22816,e
22816,a
22821, 
22821,m
22821,o
22821, 
22821,f
22821,a
22821, 
22821, 
22821,t
22821,s
22821,h
22821,o
22821,e
22821,l
22821, 
22821,d
22821,s
22821,i
22821,t
22821,e
22821,a
22821,r
22821,t
22821, 
22821,e
22821,o
22821, 
22821,f
22821,o
22821, 
22821,f
22821,t
22821, 
22821,h
22821,t
22821,e
22821,h
22821, 
22821,e
22821,s
22821, 
22821,t
23023,s
23023,a
23023,t
23023,t
23023,a
23023,e
23023,t
23023, 
23023,e
23023,o
23023, 
23023,f
23023,T
23023, 
23023,h
23023,t
23023,a
23023,h
23023,t
23023,e
23023, 
23023, 
23023,I
23023,s
23023, 
23023,t
23023,h
23023,a
23023,a
23023,t
23023,v
23023,e
23023,e
23023, 
23023, 
23023,A
23023,s
23023,n
23023,e
23023,d
23023,e
23023, 
23023,n
23023,t
23023, 
23023,h
23023,t
23023,e
23263,h
23263, 
23263,e
23263,s
23263, 
23263,t
23263,s
23263,a
23263,t
23263,t
23263,r
23263,e
23263,e
23263, 
23263,e
23263,o
23263,t
23263,f
23263,s
23263, 
23263, 
23263,t
23263,o
23263,h
23263,f
23263,e
23263, 
23263, 
23263,t
23263,s
23263,h
23263,t
23263,e
23263,a
23263, 
23263,t
23263,s
23263,e
23263,t
23263, 
23263,a
23263,o
23263,t
23547,f
23547,e
23547, 
23547, 
23547,t
23547,T
23547,h
23547,h
23547,e
23547,a
23547, 
23547,t
23547,s
23547, 
23547,t
23547,t
23547,a
23547,h
23547,t
23547,e
23547,e
23547, 
23547, 
23547,s
23547,T
23547,t
23547,h
23547,a
23547,a
23547,t
23547,t
23547,e
23591, 
23591, 
23591,t
23591,o
23591,h
23591,f
23591,e
23591, 
23591, 
23591,t
23591,s
23591,h
23591,t
23591,e
23591,a
23591, 
23591,t
23591,s
23591,e
23591,t
23591, 
23591,a
23591,o
23591,t
23591,f
23591,e
23591, 
23591, 
23591,t
23591,o
23591,h
23591,f
23591,e
23591, 
23591, 
23591,t
23591,s
23591,h
23591,t
23591,e
23591,a
23591, 
23591,t
23591,s
23591,e
23591,t
23591, 
23591,a
23591,o
23591,t
23777,f
23777,e
23777, 
23777, 
23777,t
23777,A
23777,h
23777,n
23777,e
23777,d
23777, 
23777, 
23777,s
23777,t
23777,t
23777,h
23777,a
23777,e
23777,t
23777, 
23777,e
23777,s
23777, 
23777,t
23777,T
23777,h
23777,a
23777,t
23777, 
23777,w
23777,e
23777, 
23777,h
23777,a
23777,v
23777,e
23777, 
23777,s
23777,e
23777,e
23777,n
23777, 
23777,t
23777,h
23777,e
23777, 
23777,s
23777,t
23777,r
23777,e
23777,e
23780,t
23780,s
23780, 
23780,o
23780,f
23780, 
23780,t
23780,h
23780,e
23780, 
23780,s
23780,o
23780, 
23780,m
23780,u
23780,c
23780,h
23780, 
23780,a
23780,s
23780, 
23780,t
23780,h
23780,e
23780, 
23780,s
23780,t
23780,r
23780,e
23780,e
23780,t
23780, 
23780,o
23780,f
24183, 
24183,t
24183,h
24183,e
24183, 
24183,s
24183,t
24183,a
24183,t
24183,e
24183, 
24183,T
24183,h
24183,a
24183,t
24183, 
24183,w
24183,e
24183, 
24183,h
24183,a
24183,v
24183,e
24183, 
24183,s
24183,e
24183,e
24183,n
24183, 
24183,t
24183,h
24183,e
24183, 
24183,s
24183,t
24183,r
24183,e
25502,e
25502,t
25502,s
25502, 
25502,o
25502,f
25502, 
25502,t
25502,h
25502,e
25502, 
25502,s
25502,t
25502,a
25502,t
25502,e
25502, 
25502,T
25502,h
25502,a
25502,t
25502, 
25502,w
25502,e
25502, 
25502,h
25502,a
25502,v
25502,e
25502, 
25502,s
25502,e
25502,e
25502,n
25762, 
25762,t
25762,h
25762,e
25762, 
25762,s
25762,t
25762,r
25762,e
25762,e
25762,t
25762,s
25762, 
25762,o
25762,f
25762, 
25762,t
25762,h
25762,e
25762, 
25762,s
25762,t
25762,a
25762,t
25762,e
25762, 
25762,A
25762,n
25762,d
25762, 
25899,t
25899,h
25899,e
25899, 
25899,s
25899,t
25899,a
25899,t
25899,e
25899, 
25899,o
25899,f
25899, 
25899,t
25899,h
25899,e
25899, 
25899,s
25899,t
25899,a
25899,t
25899,e
25899, 
25899,o
25899,f
25899, 
25899,t
25899,h
25899,e
25899, 
25899,s
25899,t
25899,a
25899,t
25899,e
26581, 
26581,T
26581,h
26581,a
26581,t
26581, 
26581,w
26581,e
26581, 
26581,h
26581,a
26581,v
26581,e
26581, 
26581,s
26581,e
26581,e
26581,n
26581, 
26581,t
26581,h
26581,e
26581, 
26581,s
26581,t
26581,r
26581,e
26581,e
26581,t
26581,s
26581, 
26581,o
26581,f
26581, 
26581,t
26581,h
26581,e
26951, 
26951,s
26951,t
26951,a
26951,t
26951,e
26951, 
26951,T
26951,h
26951,a
26951,t
26951, 
26951,t
26951,h
26951,e
26951, 
26951,s
26951,t
26951,a
26951,t
26951,e
26951, 
26951,o
26951,f
26951, 
26951,t
26951,h
26951,e
26951, 
26951,s
26951,t
26951,a
26951,t
26951,e
26951, 
26951,o
26951,f
26951, 
27011,e
27011, 
27011,s
27011,t
27011,a
27011,t
27011,e
27011, 
27011,o
27011,f
27011, 
27011,t
27011,h
27011,e
27011, 
27011,s
27011,t
27011,a
27011,t
27011,e
27011, 
27011,o
27011,f
27011, 
27011,t
27011,h
27011,e
27011, 
27011,s
27011,t
27011,a
27011,t
27011,e
27011, 
27011,o
27011,f
27011, 
27011,t
27011,h
27011,e
27011, 
27011,s
27011,t
27011,a
27011,t
27011,e
27011, 
27011,A
27011,n
27011,d
27011, 
27011,s
27011,h
27011,a
27011,l
27011,l
27011, 
27011,b
27011,e
27011, 
27011,s
27011,o
27011, 
27011,s
27011,o
27011, 
27011,m
27011,u
27011,c
27011,h
27011, 
27011,a
27011,s
27011, 
27011,t
27011,h
27011,e
27011, 
27011,s
27011,t
27011,r
27011,a
27011,n
27011,g
27011,e
27011, 
27011,o
27011,f
27011, 
27011,t
27011,h
27011,e
27011, 
27011,s
27011,t
27011,a
27011,t
27011,e
27011, 
27011,A
27011,s
27011, 
27011,t
27011,h
27011,e
27011, 
27011,s
27011,t
27011,r
27011,e
27011,e
27011,t
27011,s
27011, 
27011,o
27011,f
27011, 
27011,t
27011,h
27011,e
27011, 
27011,s
27011,t
27011,a
27011,t
27011,e
27011, 
27011,o
27011,f
27011, 
27011,t
27011,h
27011,e
27011, 
27011,s
27011,t
27011,a
27011,t
27011,e
27011, 
27011,T
27011,h
27011,a
27011,t
27011, 
27011,t
27011,h
27011,e
27011, 
27011,s
27011,t
27011,a
27011,t
27011,e
27011, 
27011,o
27011,f
27011, 
27011,t
27011,h
27011,e
27011, 
27011,s
27011,t
27011,a
27011,t
27011,e
27011, 
27011,o
27011,f
27011, 
27011,t
27011,h
27011,e
27011, 
27011,s
27011,t
27011,a
27011,t
27011,e
27011, 
27011,T
27011,h
27011,a
27011,t
27011, 
27011,t
27011,h
27011,e
27011, 
27011,s
27011,t
27011,a
27011,t
27011,e
27011, 
27011,o
27011,f
27011, 
27011,t
27011,h
27011,e
27011, 
27011,s
27011,t
27011,a
27011,t
27011,e
27011, 
27011,o
27011,f
27011, 
27011,t
27011,h
27011,e
27011, 
27011,s
27011,t
27011,a
27011,t
27011,e
27011, 
27011,T
27011,h
27011,a
27011,t
27011, 
27011,w
27011,e
27011, 
27011,h
27011,a
27011,v
27011,e
27011, 
27011,s
27011,e
27011,e
27011,n
27011, 
27011,t
27011,h
27011,e
27011, 
27011,s
27011,t
27011,r
27011,e
27011,e
27011,t
27011,s
27011, 
27011,o
27011,f
27011, 
27011,t
27011,h
27011,e
27011, 
27011,s
27011,t
27011,a
27011,t
27011,e
27011, 
27011,T
27011,h
27011,a
27011,t
27011, 
27011,w
27011,e
27011, 
27011,h
27011,a
27011,v
27011,e
27011, 
27011,s
27011,e
27011,e
27011,n
27011, 
27011,t
27011,h
27011,e
27011, 
27011,s
27011,t
27011,r
27011,e
27011,e
27011,t
27011,s
27011, 
27011,o
27011,f
27011, 
27011,t
27011,h
27011,e
27011, 
